1451664000 , 3888.49 , 3825.36 , 3812.55 , 3760.28 , 123 , 97
1451750400 , 3711.49 , 3664.99 , 3803.4 , 3595.63 , 83 , 79
1451836800 , 3517.91 , 3953.76 , 4023.13 , 3512.79 , 963 , 439
1451923200 , 3941.32 , 4121.94 , 4145.97 , 3909.2 , 507 , 207
1452009600 , 3968.86 , 4042.36 , 4046.36 , 3965.23 , 256 , 109
1452096000 , 3886.52 , 4376.92 , 4695.91 , 3882.52 , 1348 , 483
1452182400 , 4629.47 , 4861.3 , 4908.92 , 4609.95 , 607 , 217
1452268800 , 4686.86 , 4633.37 , 4810.19 , 4515.45 , 44 , 32
1452355200 , 4389.57 , 4320.22 , 4378.81 , 4211.21 , 9 , 8
1452441600 , 4103.37 , 4244.6 , 4409.6 , 4099.7 , 640 , 208
1452528000 , 4301.7 , 4421.88 , 4470.53 , 4299.59 , 424 , 159
1452614400 , 4290.18 , 4421.99 , 4547.38 , 4287.02 , 594 , 182
1452700800 , 4451.42 , 4671.22 , 4725.54 , 4434.46 , 641 , 188
1452787200 , 4573.54 , 4696.64 , 4759.08 , 4572.3 , 464 , 149
1452873600 , 4570.53 , 4504.7 , 4692.84 , 4394.68 , 31 , 27
1452960000 , 4272.17 , 4205.64 , 4236.27 , 4105.84 , 20 , 15
1453046400 , 4009.56 , 4124.81 , 4129.62 , 4000.42 , 322 , 116
1453132800 , 3948.45 , 4057.48 , 4083.12 , 3945.41 , 375 , 115
1453219200 , 3931.64 , 4150.81 , 4196.57 , 3929.64 , 523 , 127
1453305600 , 4029.69 , 4206.27 , 4236.37 , 4027.34 , 497 , 147
1453392000 , 4109.15 , 4264.71 , 4291.28 , 4099.54 , 445 , 138
1453478400 , 4125.63 , 4070.84 , 4236.03 , 3967.2 , 30 , 21
1453564800 , 3858.41 , 3796.56 , 3957.94 , 3702.89 , 12 , 11
1453651200 , 3607.04 , 3673.41 , 3685.83 , 3603.69 , 229 , 91
1453737600 , 3526.4 , 3744.31 , 3880.43 , 3517.94 , 724 , 225
1453824000 , 3824.26 , 4117.95 , 4166.02 , 3802.41 , 704 , 225
1453910400 , 4030.25 , 4250.26 , 4348.15 , 4022.83 , 617 , 198
1453996800 , 4224.93 , 4456.01 , 4483.09 , 4200.79 , 561 , 142
1454083200 , 4282.16 , 4215.26 , 4347.68 , 4111.61 , 14 , 13
1454169600 , 3998.79 , 3934.85 , 4106 , 3832.17 , 5 , 5
1454256000 , 3735.95 , 3828.93 , 3841.37 , 3730.3 , 295 , 124
1454342400 , 3692.8 , 3828.82 , 3831.96 , 3691.92 , 342 , 95
1454428800 , 3682.18 , 3831.85 , 3850 , 3678.08 , 380 , 109
1454515200 , 3686.81 , 3815.92 , 3866.14 , 3685.37 , 413 , 107
1454601600 , 3727.84 , 3868.98 , 3904.11 , 3724.51 , 366 , 88
1454688000 , 3731.2 , 3671.19 , 3832.31 , 3574.16 , 8 , 7
1454774400 , 3474.52 , 3420.83 , 3440.17 , 3330.97 , 5 , 5
1454860800 , 3238.11 , 3186.17 , 3194.02 , 3103.6 , 3 , 3
1454947200 , 3019.79 , 2974.11 , 3097.61 , 2896.84 , 11 , 9
1455033600 , 2817.29 , 2772.18 , 2876.74 , 2700.72 , 6 , 6
1455120000 , 2625.43 , 2583.97 , 2610.53 , 2522.09 , 11 , 8
1455206400 , 2457.68 , 2427.63 , 2520.8 , 2363.47 , 20 , 16
1455292800 , 2299.88 , 2263.67 , 2362.86 , 2207.45 , 10 , 7
1455379200 , 2145.91 , 2112.35 , 2146.4 , 2063.19 , 11 , 11
1455465600 , 2027.63 , 2114.6 , 2122.16 , 2014.67 , 239 , 74
1455552000 , 2044.49 , 2173.95 , 2183.18 , 2039.02 , 293 , 87
1455638400 , 2104.62 , 2220.44 , 2237.85 , 2099.29 , 297 , 91
1455724800 , 2176.19 , 2288.83 , 2328.52 , 2167.16 , 364 , 113
1455811200 , 2294.4 , 2400.55 , 2449.71 , 2279.38 , 350 , 97
1455897600 , 2345.94 , 2337.21 , 2401.84 , 2282.17 , 57 , 43
1455984000 , 2218.55 , 2183.28 , 2208.76 , 2126.12 , 2 , 2
1456070400 , 2077.76 , 2243.38 , 2258.88 , 2070.36 , 346 , 120
1456156800 , 2165.6 , 2276.24 , 2286.4 , 2162.21 , 273 , 100
1456243200 , 2208.09 , 2318.88 , 2337.45 , 2200.83 , 310 , 107
1456329600 , 2278.62 , 2528.76 , 2613.27 , 2276.99 , 620 , 182
1456416000 , 2558.35 , 2808.92 , 2855.13 , 2538.55 , 558 , 133
1456502400 , 2762 , 2724.24 , 2831.35 , 2656.44 , 25 , 21
1456588800 , 2583.07 , 2541.14 , 2651.4 , 2479.95 , 9 , 8
1456675200 , 2427.6 , 2695.95 , 2767.72 , 2418.98 , 617 , 196
1456761600 , 2697.62 , 2910.76 , 2942.92 , 2695.56 , 502 , 134
1456848000 , 2882.75 , 3137.42 , 3219.94 , 2874.39 , 629 , 136
1456934400 , 3130.74 , 3352.63 , 3419.62 , 3127.7 , 586 , 129
1457020800 , 3337.93 , 3697.85 , 3784.49 , 3333.5 , 796 , 200
1457107200 , 3659.89 , 3632.43 , 3757.84 , 3562.08 , 81 , 33
1457193600 , 3466.39 , 3428.27 , 3562.82 , 3364.14 , 58 , 32
1457280000 , 3289.03 , 3492.44 , 3520.45 , 3281.57 , 476 , 127
1457366400 , 3399.31 , 3698.1 , 3779.05 , 3389.96 , 705 , 153
1457452800 , 3694.34 , 3875.49 , 3895.11 , 3682.07 , 519 , 160
1457539200 , 3803.78 , 4038.94 , 4078.86 , 3799.75 , 582 , 145
1457625600 , 3962.21 , 4250.37 , 4279.89 , 3952.81 , 597 , 156
1457712000 , 4109.41 , 4057.32 , 4214.92 , 4013.22 , 117 , 51
1457798400 , 3903.75 , 3859.75 , 3998.36 , 3794.55 , 71 , 36
1457884800 , 3715.15 , 4001.04 , 4042.84 , 3703.16 , 627 , 134
1457971200 , 3891.91 , 4051.58 , 4075.95 , 3887.89 , 443 , 140
1458057600 , 3937.53 , 4056.41 , 4086.57 , 3928.53 , 384 , 118
1458144000 , 3942.94 , 4246.82 , 4312.3 , 3940.54 , 769 , 173
1458230400 , 4222.43 , 4595.72 , 4628.91 , 4208.15 , 810 , 195
1458316800 , 4480.2 , 4413.41 , 4598.73 , 4301.23 , 25 , 25
1458403200 , 4182.3 , 4115.9 , 4285.92 , 4040.62 , 46 , 25
1458489600 , 3957.67 , 4212.33 , 4253.67 , 3944.62 , 631 , 188
1458576000 , 4114.38 , 4355.17 , 4381.25 , 4100.51 , 597 , 164
1458662400 , 4238.21 , 4458.05 , 4489.92 , 4230.03 , 607 , 177
1458748800 , 4376.39 , 4572.13 , 4613.84 , 4369.74 , 580 , 177
1458835200 , 4476.03 , 4641.45 , 4666.8 , 4463.69 , 476 , 145
1458921600 , 4484.03 , 4420.96 , 4607.46 , 4317.25 , 34 , 25
1459008000 , 4197.6 , 4133.25 , 4312.99 , 4041.44 , 28 , 19
1459094400 , 3963.88 , 4126.51 , 4165.73 , 3945.4 , 467 , 145
1459180800 , 3985.03 , 4273.3 , 4355.07 , 3983.23 , 730 , 175
1459267200 , 4256.19 , 4604.91 , 4661.66 , 4248.95 , 799 , 207
1459353600 , 4513.35 , 4802.79 , 4892.35 , 4500.61 , 814 , 216
1459440000 , 4795.63 , 5228.76 , 5302.48 , 4765.29 , 971 , 221
1459526400 , 5095.01 , 5033.22 , 5217.42 , 4927.58 , 69 , 37
1459612800 , 4790.21 , 4718.65 , 4759.5 , 4598.68 , 14 , 12
1459699200 , 4474.35 , 4404.68 , 4582.97 , 4311.95 , 39 , 29
1459785600 , 4229.56 , 4434.53 , 4449.48 , 4207.87 , 548 , 164
1459872000 , 4294.01 , 4619.34 , 4716.46 , 4273.67 , 844 , 209
1459958400 , 4584.52 , 4799.5 , 4870.2 , 4578.33 , 660 , 191
1460044800 , 4760.37 , 4986.69 , 5027.05 , 4746.96 , 643 , 184
1460131200 , 4847.48 , 4782.32 , 4980.82 , 4669.15 , 40 , 25
1460217600 , 4541.47 , 4477.06 , 4664.86 , 4377.1 , 38 , 25
1460304000 , 4283.27 , 4425.6 , 4437.87 , 4275.65 , 447 , 155
1460390400 , 4301.85 , 4457.67 , 4494.03 , 4294.53 , 512 , 153
1460476800 , 4387.73 , 4664.48 , 4748.22 , 4381.46 , 752 , 209
1460563200 , 4601.13 , 4838.52 , 4873.45 , 4595.73 , 639 , 178
1460649600 , 4748.6 , 4980.99 , 5022.67 , 4739.15 , 645 , 166
1460736000 , 4834.8 , 4761.68 , 4968.63 , 4649.4 , 32 , 22
1460822400 , 4521.17 , 4457.84 , 4649.52 , 4358.16 , 40 , 32
1460908800 , 4263.18 , 4567.19 , 4588.17 , 4251.51 , 713 , 182
1460995200 , 4469.23 , 4667.5 , 4693.84 , 4456.42 , 532 , 157
1461081600 , 4533.3 , 5000.71 , 5074.38 , 4525.93 , 1046 , 241
1461168000 , 4970.39 , 5317.74 , 5467.24 , 4953.82 , 1047 , 223
1461254400 , 5350.8 , 5677.19 , 5749.66 , 5334.07 , 879 , 183
1461340800 , 5585.35 , 5501.83 , 5731.22 , 5376.64 , 52 , 26
1461427200 , 5229.9 , 5152.09 , 5363.78 , 5021.56 , 21 , 17
1461513600 , 4905.09 , 5084.98 , 5101.9 , 4901.29 , 527 , 135
1461600000 , 4963.59 , 5151.74 , 5227.23 , 4958.12 , 671 , 156
1461686400 , 5081.91 , 5218 , 5251.77 , 5076.99 , 480 , 134
1461772800 , 5091.02 , 5227.47 , 5247.55 , 5082.38 , 475 , 136
1461859200 , 5061.09 , 5163.66 , 5186.63 , 5057.2 , 375 , 115
1461945600 , 4963.87 , 4893.44 , 5096.35 , 4766.23 , 26 , 14
1462032000 , 4634.68 , 4560.95 , 4765.97 , 4444.25 , 10 , 9
1462118400 , 4322.47 , 4259.99 , 4439.72 , 4162.93 , 32 , 18
1462204800 , 4059.55 , 4269.34 , 4292.75 , 4058.3 , 501 , 130
1462291200 , 4136.36 , 4335.34 , 4365.96 , 4131.05 , 476 , 137
1462377600 , 4190.96 , 4434.69 , 4482.44 , 4179.66 , 648 , 168
1462464000 , 4361.49 , 4741.51 , 4850.78 , 4344.08 , 935 , 195
1462550400 , 4699.27 , 4639.88 , 4818.32 , 4568.22 , 97 , 43
1462636800 , 4446 , 4386.3 , 4566.87 , 4284.55 , 39 , 25
1462723200 , 4195.96 , 4546.03 , 4665.29 , 4181.65 , 925 , 224
1462809600 , 4557.7 , 4818.67 , 4888.45 , 4545.81 , 713 , 172
1462896000 , 4741.87 , 5063.89 , 5131.58 , 4732.24 , 861 , 191
1462982400 , 5031.79 , 5380.86 , 5413.66 , 5009.12 , 836 , 202
1463068800 , 5245.38 , 5523.82 , 5552.93 , 5233.99 , 692 , 164
1463155200 , 5329.9 , 5253.96 , 5470.44 , 5125.59 , 30 , 21
1463241600 , 4985.11 , 4906.95 , 5117.5 , 4786.1 , 18 , 14
1463328000 , 4671.64 , 4890.35 , 4943.49 , 4666.99 , 612 , 134
1463414400 , 4779.77 , 5041.16 , 5071.56 , 4773.74 , 643 , 143
1463500800 , 4893.49 , 5187.5 , 5231.89 , 4881.44 , 782 , 197
1463587200 , 5111.64 , 5275.26 , 5307.85 , 5099.59 , 559 , 146
1463673600 , 5140.07 , 5479.53 , 5541.47 , 5124.55 , 830 , 166
1463760000 , 5328.85 , 5248.28 , 5378.49 , 5112.09 , 14 , 8
1463846400 , 4972.21 , 4894.73 , 5056.4 , 4773.16 , 17 , 14
1463932800 , 4662.33 , 4859.84 , 4879.67 , 4653.32 , 519 , 129
1464019200 , 4700.42 , 4857.97 , 4862.72 , 4696.35 , 465 , 118
1464105600 , 4717.78 , 4996.28 , 5038.92 , 4703.61 , 683 , 154
1464192000 , 4863 , 5165.23 , 5224.04 , 4856.78 , 728 , 164
1464278400 , 5060.42 , 5357.56 , 5408.82 , 5045.23 , 729 , 149
1464364800 , 5189.15 , 5108.68 , 5337.14 , 4978.63 , 14 , 12
1464451200 , 4841.82 , 4763.2 , 4846.61 , 4639.33 , 6 , 3
1464537600 , 4537.24 , 4736.69 , 4755.9 , 4523.17 , 519 , 150
1464624000 , 4574.95 , 4896.1 , 4963.59 , 4569.5 , 805 , 202
1464710400 , 4854.59 , 5080.68 , 5147.4 , 4841.53 , 727 , 156
1464796800 , 5018.07 , 5343.7 , 5375.1 , 5014.15 , 744 , 162
1464883200 , 5211.81 , 5527.19 , 5578.72 , 5195.42 , 790 , 165
1464969600 , 5377.32 , 5296.08 , 5524.11 , 5162.18 , 22 , 16
1465056000 , 5018.27 , 4938.42 , 4974.42 , 4817.09 , 15 , 9
1465142400 , 4701.12 , 4942.51 , 4971.98 , 4697.69 , 584 , 131
1465228800 , 4795.87 , 5042.32 , 5077.48 , 4790.39 , 594 , 138
1465315200 , 4878.85 , 5112.9 , 5145.07 , 4864.94 , 556 , 127
1465401600 , 4916 , 4838.6 , 4925.48 , 4710.72 , 6 , 4
1465488000 , 4579.39 , 4505.63 , 4535.09 , 4386.54 , 1 , 1
1465574400 , 4264.85 , 4201.87 , 4281.26 , 4098.49 , 18 , 14
1465660800 , 3991.59 , 3927.5 , 4097.42 , 3830.06 , 17 , 9
1465747200 , 3753.14 , 4018.96 , 4105.72 , 3733.17 , 691 , 185
1465833600 , 3974.68 , 4270.44 , 4302.29 , 3954 , 636 , 162
1465920000 , 4192.24 , 4581.07 , 4596.25 , 4154.02 , 786 , 176
1466006400 , 4425.28 , 4714.62 , 4755.31 , 4417.8 , 650 , 153
1466092800 , 4586.9 , 4818.9 , 4839.76 , 4577.52 , 548 , 135
1466179200 , 4621.97 , 4556.58 , 4734.68 , 4439.66 , 20 , 14
1466265600 , 4320.44 , 4260.29 , 4425.45 , 4160.49 , 32 , 18
1466352000 , 4060.73 , 4222.5 , 4251.45 , 4054 , 422 , 124
1466438400 , 4074.73 , 4297.89 , 4325.51 , 4068.5 , 509 , 143
1466524800 , 4142.66 , 4303.3 , 4333.25 , 4136.13 , 442 , 120
1466611200 , 4174.49 , 4417.64 , 4430.02 , 4167.57 , 519 , 131
1466697600 , 4276.47 , 4722.19 , 4782.7 , 4260.85 , 956 , 177
1466784000 , 4626.05 , 4555.5 , 4740.14 , 4438.9 , 17 , 14
1466870400 , 4315.16 , 4247.37 , 4293.2 , 4140.23 , 10 , 9
1466956800 , 4038.63 , 4169.75 , 4226.78 , 4033.11 , 423 , 133
1467043200 , 4061.61 , 4236.94 , 4288.67 , 4058.69 , 509 , 140
1467129600 , 4165.5 , 4399.62 , 4421.06 , 4149.55 , 575 , 132
1467216000 , 4283.33 , 4512.67 , 4544.12 , 4272.99 , 553 , 143
1467302400 , 4385.11 , 4599.11 , 4630.09 , 4375.56 , 572 , 141
1467388800 , 4458.99 , 4396.04 , 4459.02 , 4290.97 , 24 , 19
1467475200 , 4173.91 , 4115.48 , 4199.59 , 4015.78 , 26 , 16
1467561600 , 3922.03 , 4168.42 , 4195.92 , 3911.83 , 552 , 144
1467648000 , 4063.97 , 4313.8 , 4372.54 , 4048.16 , 625 , 166
1467734400 , 4236.58 , 4438.99 , 4463.14 , 4218.82 , 513 , 162
1467820800 , 4284.94 , 4523.38 , 4539.56 , 4278.86 , 538 , 135
1467907200 , 4372.64 , 4537.34 , 4561.2 , 4370.01 , 422 , 122
1467993600 , 4365.6 , 4300.53 , 4476.54 , 4187.66 , 23 , 15
1468080000 , 4071.89 , 4007.51 , 4088.35 , 3911.61 , 15 , 11
1468166400 , 3818.84 , 4002.61 , 4041.48 , 3809.58 , 458 , 123
1468252800 , 3888.91 , 4101.87 , 4145.24 , 3878.25 , 507 , 139
1468339200 , 3983.51 , 4169.17 , 4196.95 , 3980.27 , 453 , 126
1468425600 , 4046.03 , 4175.36 , 4196.88 , 4030.58 , 434 , 120
1468512000 , 4081.38 , 4338.29 , 4355.13 , 4067.48 , 557 , 140
1468598400 , 4172 , 4108.8 , 4288.06 , 4018.23 , 30 , 21
1468684800 , 3908.45 , 3847.64 , 3993.48 , 3751.4 , 12 , 12
1468771200 , 3678.94 , 3870.22 , 3901.27 , 3660.46 , 505 , 153
1468857600 , 3758.86 , 3854.5 , 3872.05 , 3758.36 , 296 , 100
1468944000 , 3721.45 , 3848.01 , 3860.16 , 3719.72 , 345 , 105
1469030400 , 3706.54 , 3854.21 , 3874.82 , 3702.09 , 369 , 101
1469116800 , 3721.89 , 3939.22 , 4115.84 , 3716.98 , 715 , 167
1469203200 , 4001.45 , 3945.75 , 4107.2 , 3843.79 , 19 , 14
1469289600 , 3736.63 , 3675.96 , 3640.64 , 3581.05 , 3 , 3
1469376000 , 3495.48 , 3654.86 , 3718.32 , 3487.39 , 451 , 127
1469462400 , 3592.7 , 3744.96 , 3769.94 , 3590.03 , 415 , 118
1469548800 , 3635.59 , 3906.32 , 3964.25 , 3632.85 , 646 , 219
1469635200 , 3844.49 , 4068.96 , 4090.98 , 3839.64 , 513 , 156
1469721600 , 3957.54 , 4166.63 , 4178.96 , 3951.18 , 492 , 134
1469808000 , 4015.67 , 3960.5 , 4026.99 , 3860.99 , 24 , 16
1469894400 , 3756.07 , 3699.51 , 3834.16 , 3615.15 , 24 , 15
1469980800 , 3522.67 , 3799.84 , 3832.51 , 3521.18 , 549 , 148
1470067200 , 3696.27 , 3823.77 , 3832.67 , 3678.98 , 335 , 106
1470153600 , 3666.41 , 3831.5 , 3856.35 , 3662.41 , 399 , 110
1470240000 , 3704.28 , 3871.47 , 3882.61 , 3699.65 , 396 , 107
1470326400 , 3721.39 , 3877.67 , 3897.56 , 3720.75 , 408 , 135
1470412800 , 3748.96 , 3692.27 , 3781.25 , 3604.16 , 22 , 15
1470499200 , 3504.47 , 3448.9 , 3528.34 , 3363.18 , 10 , 9
1470585600 , 3287.35 , 3441.2 , 3460.69 , 3282.37 , 396 , 121
1470672000 , 3337.46 , 3445.89 , 3463.52 , 3335.03 , 299 , 92
1470758400 , 3317.05 , 3462.29 , 3474.67 , 3311.37 , 362 , 108
1470844800 , 3340.26 , 3533.12 , 3614.84 , 3337.05 , 533 , 141
1470931200 , 3512.92 , 3681.72 , 3740.99 , 3509.27 , 479 , 131
1471017600 , 3604.79 , 3551.52 , 3697.82 , 3461.05 , 20 , 14
1471104000 , 3365.9 , 3313.92 , 3457.93 , 3233.57 , 14 , 14
1471190400 , 3168.23 , 3450.58 , 3463.99 , 3155.26 , 549 , 134
1471276800 , 3322.22 , 3504.84 , 3543.62 , 3314.36 , 476 , 109
1471363200 , 3437.52 , 3589.41 , 3604.33 , 3431.89 , 399 , 117
1471449600 , 3482.32 , 3720.44 , 3736.28 , 3471.15 , 509 , 127
1471536000 , 3606.88 , 3779.67 , 3805.36 , 3593.62 , 429 , 122
1471622400 , 3637.78 , 3586.96 , 3648.73 , 3495.73 , 17 , 12
1471708800 , 3399.21 , 3349.34 , 3408.85 , 3271.98 , 22 , 13
1471795200 , 3210.72 , 3408.41 , 3447.49 , 3189.6 , 479 , 122
1471881600 , 3321.75 , 3452.04 , 3477.52 , 3307.44 , 359 , 110
1471968000 , 3335.28 , 3477.12 , 3496.13 , 3328.96 , 381 , 116
1472054400 , 3401.12 , 3616.33 , 3643.22 , 3384.43 , 518 , 133
1472140800 , 3517.66 , 3635.39 , 3662.87 , 3505.11 , 398 , 115
1472227200 , 3540.6 , 3492.87 , 3634.03 , 3401.47 , 25 , 15
1472313600 , 3308.75 , 3255.03 , 3336.63 , 3175.56 , 12 , 10
1472400000 , 3098.85 , 3219.84 , 3230.63 , 3093.85 , 283 , 88
1472486400 , 3091.89 , 3188.76 , 3202.92 , 3079.42 , 289 , 89
1472572800 , 3073.87 , 3204.86 , 3231.38 , 3066.08 , 372 , 106
1472659200 , 3138.43 , 3210.27 , 3232.68 , 3121.73 , 292 , 98
1472745600 , 3130.92 , 3231.16 , 3236.95 , 3120.68 , 308 , 94
1472832000 , 3105.31 , 3056.1 , 3188.22 , 2976.13 , 6 , 6
1472918400 , 2893.16 , 2846.19 , 2835.8 , 2772.93 , 3 , 3
1473004800 , 2705.21 , 2785.58 , 2800.72 , 2700.88 , 249 , 73
1473091200 , 2703.44 , 2850.04 , 2867.71 , 2698.12 , 360 , 104
1473177600 , 2777 , 2900.21 , 2934.28 , 2769.63 , 345 , 98
1473264000 , 2817.87 , 2924.05 , 2944.32 , 2817.64 , 295 , 88
1473350400 , 2837.49 , 2950.76 , 2989.32 , 2834.45 , 329 , 103
1473436800 , 2866.07 , 2824.15 , 2918.63 , 2755.92 , 18 , 11
1473523200 , 2681.21 , 2643.49 , 2750.17 , 2586.54 , 26 , 17
1473609600 , 2534.23 , 2669.67 , 2718.36 , 2523.18 , 380 , 125
1473696000 , 2618.22 , 2751.2 , 2775.59 , 2611.46 , 309 , 94
1473782400 , 2656.24 , 2754.79 , 2760.38 , 2651.05 , 228 , 92
1473868800 , 2623.71 , 2581.99 , 2582.49 , 2514.61 , 2 , 2
1473955200 , 2444.51 , 2405.82 , 2409.89 , 2344.09 , 3 , 2
1474041600 , 2279.46 , 2243.39 , 2335.05 , 2184.1 , 2 , 2
1474128000 , 2123.86 , 2090.23 , 2128.51 , 2036.25 , 4 , 4
1474214400 , 1987.28 , 2022.66 , 2025.59 , 1982.61 , 129 , 68
1474300800 , 1935.79 , 1964.92 , 1979.52 , 1933.63 , 137 , 59
1474387200 , 1894.81 , 1978.89 , 1982.92 , 1894 , 189 , 74
1474473600 , 1898.28 , 1978.32 , 1985.35 , 1894.73 , 198 , 81
1474560000 , 1905.67 , 2022.29 , 2033.68 , 1896.55 , 268 , 81
1474646400 , 1946.7 , 1915.78 , 1935.51 , 1865.15 , 1 , 1
1474732800 , 1813.15 , 1783.71 , 1766.38 , 1747.12 , 14 , 7
1474819200 , 1702.64 , 1859.25 , 1909.59 , 1700.03 , 374 , 110
1474905600 , 1866.15 , 1967.8 , 1977.19 , 1864.87 , 233 , 91
1474992000 , 1890.19 , 1950.95 , 1958.26 , 1889.74 , 154 , 63
1475078400 , 1867.43 , 1990.48 , 2114.19 , 1864.08 , 382 , 81
1475164800 , 2044.2 , 2126.41 , 2134.35 , 2041.2 , 206 , 75
1475251200 , 2044.22 , 2012.55 , 2044.32 , 1960.63 , 4 , 4
1475337600 , 1905.97 , 1875.74 , 1877.12 , 1826.16 , 1 , 1
1475424000 , 1775.25 , 1747.07 , 1762.3 , 1703.7 , 5 , 5
1475510400 , 1656.2 , 1629.31 , 1593.23 , 1586.92 , 1 , 1
1475596800 , 1542.68 , 1518.32 , 1519.72 , 1478.92 , 2 , 2
1475683200 , 1437.69 , 1414.35 , 1392.12 , 1378.52 , 2 , 2
1475769600 , 1340.72 , 1319.53 , 1341.32 , 1285.27 , 3 , 3
1475856000 , 1251.27 , 1230.95 , 1286.44 , 1198.42 , 3 , 1
1475942400 , 1165.01 , 1146.78 , 1147.5 , 1125.1 , 13 , 11
1476028800 , 1102.72 , 1214.72 , 1219.56 , 1097.64 , 222 , 100
1476115200 , 1165.68 , 1238.17 , 1244.52 , 1164.18 , 160 , 58
1476201600 , 1192.48 , 1240.92 , 1255.72 , 1190.79 , 137 , 61
1476288000 , 1202.89 , 1288.5 , 1305.32 , 1202.3 , 173 , 50
1476374400 , 1245.44 , 1331.2 , 1343.98 , 1244.8 , 176 , 54
1476460800 , 1277.33 , 1256.59 , 1303.76 , 1223.38 , 1 , 1
1476547200 , 1189.88 , 1173.67 , 1190.77 , 1145.27 , 8 , 7
1476633600 , 1120.11 , 1220.59 , 1225.92 , 1115.94 , 204 , 73
1476720000 , 1177.54 , 1308 , 1320.38 , 1174.99 , 257 , 74
1476806400 , 1269.62 , 1323.6 , 1331.38 , 1267.47 , 147 , 67
1476892800 , 1283.5 , 1339.97 , 1356.18 , 1282.83 , 154 , 47
1476979200 , 1307.53 , 1430.39 , 1440.02 , 1305.01 , 237 , 81
1477065600 , 1375.05 , 1359.06 , 1380.21 , 1323.14 , 9 , 6
1477152000 , 1286.93 , 1266.04 , 1322.38 , 1234.83 , 4 , 4
1477238400 , 1203.32 , 1300.79 , 1312.25 , 1202.6 , 197 , 74
1477324800 , 1256.01 , 1327.34 , 1360.02 , 1255.7 , 198 , 72
1477411200 , 1318.05 , 1432.96 , 1442.18 , 1308.81 , 228 , 81
1477497600 , 1383.49 , 1454.91 , 1471.62 , 1380.14 , 189 , 68
1477584000 , 1425.07 , 1513.69 , 1531.54 , 1419.35 , 212 , 72
1477670400 , 1458.1 , 1434.43 , 0 , 1396.52 , 0 , 0
1477756800 , 1359.08 , 1337.02 , 1366.41 , 1308.52 , 11 , 9
1477843200 , 1280.67 , 1333.02 , 1342.83 , 1279.14 , 143 , 63
1477929600 , 1293.46 , 1363.58 , 1367.86 , 1287.11 , 159 , 62
1478016000 , 1322.83 , 1406.32 , 1443.73 , 1306.82 , 248 , 90
1478102400 , 1391.21 , 1532.37 , 1544.94 , 1386.96 , 285 , 82
1478188800 , 1483.42 , 1591.85 , 1658.29 , 1483.05 , 317 , 107
1478275200 , 1662.9 , 1676.11 , 1690.25 , 1657.31 , 135 , 64
1478361600 , 1616.51 , 1592.1 , 1653.27 , 1556.38 , 16 , 13
1478448000 , 1526.16 , 1610.04 , 1630.06 , 1520.54 , 226 , 73
1478534400 , 1588.61 , 1661.48 , 1667.92 , 1583.07 , 177 , 57
1478620800 , 1592.01 , 1812.27 , 1833.21 , 1589.41 , 409 , 113
1478707200 , 1791.2 , 1921.67 , 1990.75 , 1784.13 , 386 , 116
1478793600 , 1932.81 , 2081.09 , 2095.98 , 1929.72 , 326 , 86
1478880000 , 2034.15 , 2013.05 , 2082.36 , 1960.44 , 29 , 19
1478966400 , 1905.78 , 1874.84 , 1842.73 , 1827.72 , 3 , 3
1479052800 , 1791.34 , 1933.23 , 1939.92 , 1782.09 , 296 , 82
1479139200 , 1861.98 , 1997.92 , 2005.41 , 1860.98 , 281 , 79
1479225600 , 1944.41 , 2097.52 , 2113.97 , 1936.78 , 352 , 96
1479312000 , 2053.77 , 2195.26 , 2236.25 , 2047.98 , 347 , 86
1479398400 , 2159.08 , 2270.52 , 2289.57 , 2154.65 , 262 , 70
1479484800 , 2191.78 , 2175 , 2250.3 , 2121.54 , 36 , 12
1479571200 , 2062.4 , 2029.68 , 2054.52 , 1976.57 , 2 , 2
1479657600 , 1922.79 , 2022.28 , 2028.13 , 1922.18 , 219 , 73
1479744000 , 1953.19 , 2031.82 , 2060.38 , 1950.28 , 246 , 80
1479830400 , 1991.24 , 2052.05 , 2075.6 , 1989.82 , 239 , 89
1479916800 , 2030.81 , 2125.55 , 2134.78 , 2030.26 , 247 , 90
1480003200 , 2066.01 , 2185.8 , 2197.93 , 2060.92 , 282 , 94
1480089600 , 2106.6 , 2077.85 , 2163.76 , 2025.29 , 11 , 9
1480176000 , 1972.81 , 1943.42 , 2025.22 , 1906.14 , 30 , 24
1480262400 , 1859.71 , 1948.99 , 1967.09 , 1859.46 , 228 , 79
1480348800 , 1902.23 , 2152.56 , 2200.46 , 1896.45 , 478 , 105
1480435200 , 2145.82 , 2325.82 , 2363.61 , 2139.42 , 384 , 106
1480521600 , 2280.49 , 2446.51 , 2488.65 , 2279.35 , 400 , 92
1480608000 , 2423.97 , 2555.4 , 2571.05 , 2421.66 , 306 , 84
1480694400 , 2466.65 , 2433.41 , 2508.8 , 2376.16 , 21 , 17
1480780800 , 2317.42 , 2280.54 , 2322.56 , 2238.65 , 32 , 16
1480867200 , 2192.56 , 2367.39 , 2408.68 , 2180.9 , 419 , 99
1480953600 , 2346.65 , 2455.6 , 2479.2 , 2340.58 , 294 , 82
1481040000 , 2397.2 , 2497.99 , 2509.42 , 2395.65 , 253 , 74
1481126400 , 2410.69 , 2477.83 , 2511.27 , 2410.14 , 219 , 73
1481212800 , 2410.41 , 2539.85 , 2591.65 , 2409.75 , 346 , 86
1481299200 , 2497.07 , 2457.22 , 2565.49 , 2398.45 , 14 , 11
1481385600 , 2334.41 , 2298.24 , 2345.17 , 2247.02 , 18 , 15
1481472000 , 2192.85 , 2448.11 , 2543.78 , 2189.64 , 603 , 141
1481558400 , 2488.11 , 2636.65 , 2648.01 , 2478.34 , 372 , 112
1481644800 , 2580.35 , 2693.98 , 2782.39 , 2574.65 , 414 , 104
1481731200 , 2712.66 , 2839.13 , 2860.13 , 2709.36 , 331 , 91
1481817600 , 2755.15 , 2844.77 , 2852.84 , 2749.04 , 240 , 67
1481904000 , 2720.34 , 2680.98 , 2705.04 , 2613.2 , 10 , 10
1481990400 , 2540.35 , 2499.11 , 2473.37 , 2436.71 , 4 , 2
1482076800 , 2377.47 , 2417.48 , 2432.29 , 2374.56 , 165 , 61
1482163200 , 2327.57 , 2436.69 , 2456.97 , 2326.15 , 292 , 85
1482249600 , 2371.5 , 2457.08 , 2462.69 , 2368.43 , 232 , 76
1482336000 , 2368.35 , 2430.37 , 2441.07 , 2367.23 , 206 , 65
1482422400 , 2353.14 , 2502.15 , 2589.51 , 2352.48 , 411 , 93
1482508800 , 2487.57 , 2457.91 , 2479.27 , 2405.42 , 28 , 17
1482595200 , 2340.66 , 2305.99 , 2391.73 , 2251.06 , 15 , 12
1482681600 , 2197.42 , 2338.98 , 2362.85 , 2195.38 , 305 , 68
1482768000 , 2263.12 , 2332.66 , 2337.45 , 2262.6 , 184 , 54
1482854400 , 2237.54 , 2299.11 , 2329.87 , 2232.56 , 206 , 56
1482940800 , 2237.61 , 2303.93 , 2342.27 , 2232.12 , 240 , 66
1483027200 , 2258.38 , 2347.37 , 2385.62 , 2255.63 , 259 , 87
1483113600 , 2282.07 , 2246.29 , 2264.3 , 2187.7 , 3 , 3
1483200000 , 2126.72 , 2092.72 , 2111.31 , 2038 , 2 , 2
1483286400 , 1981.18 , 1950.27 , 1977.93 , 1901.61 , 6 , 6
1483372800 , 1859.09 , 1925.48 , 1932.61 , 1855.32 , 191 , 64
1483459200 , 1854.9 , 1975.68 , 1989.44 , 1854.73 , 260 , 63
1483545600 , 1916.06 , 2048.05 , 2061.38 , 1914.81 , 271 , 55
1483632000 , 1980.35 , 2110.27 , 2151.64 , 1976.26 , 342 , 74
1483718400 , 2084.45 , 2051.59 , 2142.09 , 2002.4 , 10 , 7
1483804800 , 1946.58 , 1915.96 , 1936.55 , 1871.42 , 8 , 5
1483891200 , 1828.7 , 1922.32 , 1952.93 , 1822.16 , 262 , 53
1483977600 , 1881.61 , 1961.37 , 1979.08 , 1879.29 , 199 , 55
1484064000 , 1900.38 , 2056.41 , 2085.58 , 1895.23 , 350 , 80
1484150400 , 2020.8 , 2150.16 , 2182.79 , 2019.04 , 333 , 75
1484236800 , 2125.77 , 2320.52 , 2437.46 , 2122.02 , 521 , 100
1484323200 , 2350.09 , 2315.26 , 2358.48 , 2256.53 , 10 , 8
1484409600 , 2193.62 , 2158.01 , 0 , 2100.97 , 0 , 0
1484496000 , 2076.99 , 2439.95 , 2538.92 , 2042.78 , 804 , 247
1484582400 , 2477.51 , 2688.09 , 2749.75 , 2470.93 , 478 , 118
1484668800 , 2643.05 , 2732.18 , 2743.05 , 2642.18 , 246 , 80
1484755200 , 2648.89 , 2716.75 , 2728.36 , 2647.57 , 206 , 70
1484841600 , 2606.52 , 2663.81 , 2673.74 , 2604.97 , 193 , 62
1484928000 , 2549.66 , 2509.09 , 2620.64 , 2446.25 , 8 , 7
1485014400 , 2380.59 , 2345.45 , 2385.71 , 2285.14 , 9 , 9
1485100800 , 2224.57 , 2261.63 , 2261.86 , 2210.15 , 118 , 46
1485187200 , 2152.63 , 2180.7 , 2184.71 , 2143.33 , 120 , 43
1485273600 , 2086.82 , 2151.87 , 2158.75 , 2085.72 , 155 , 47
1485360000 , 2055.5 , 2083.8 , 2086.03 , 2034.21 , 94 , 35
1485446400 , 1977.5 , 1945.39 , 0 , 1893.98 , 0 , 0
1485532800 , 1842.15 , 1812.24 , 1894.57 , 1764.34 , 1 , 1
1485619200 , 1715.16 , 1687.31 , 1660.03 , 1645.13 , 3 , 2
1485705600 , 1599.27 , 1574.12 , 1581.28 , 1533.09 , 2 , 2
1485792000 , 1490.36 , 1466.16 , 0 , 1427.41 , 0 , 0
1485878400 , 1387.61 , 1367.76 , 1383.76 , 1332.18 , 5 , 4
1485964800 , 1295.04 , 1274.02 , 1267.22 , 1244.03 , 6 , 6
1486051200 , 1212.5 , 1287.56 , 1311.83 , 1212.18 , 185 , 57
1486137600 , 1274.55 , 1344.51 , 1347.92 , 1272.95 , 127 , 34
1486224000 , 1290.6 , 1279.23 , 1326.63 , 1254.73 , 22 , 11
1486310400 , 1223.73 , 1263.54 , 1267.89 , 1223.48 , 104 , 40
1486396800 , 1210.73 , 1256.1 , 1259.29 , 1210.38 , 114 , 47
1486483200 , 1209.02 , 1319.89 , 1337.12 , 1207.33 , 218 , 61
1486569600 , 1286.21 , 1434.07 , 1474.6 , 1283.95 , 316 , 78
1486656000 , 1438.35 , 1654.34 , 1675.07 , 1429.87 , 384 , 79
1486742400 , 1610.73 , 1587.07 , 1653.39 , 1554.74 , 19 , 13
1486828800 , 1515.94 , 1492.27 , 1555.53 , 1456.36 , 10 , 8
1486915200 , 1428.28 , 1566.78 , 1588.32 , 1420.45 , 300 , 84
1487001600 , 1529.89 , 1622.38 , 1632.12 , 1528.43 , 205 , 70
1487088000 , 1567.38 , 1722.2 , 1739.06 , 1564.46 , 303 , 91
1487174400 , 1670.1 , 1801.81 , 1824.98 , 1669.21 , 304 , 90
1487260800 , 1776.41 , 1925.64 , 1935.25 , 1770.1 , 324 , 89
1487347200 , 1873.28 , 1851.84 , 1920.83 , 1805.68 , 21 , 13
1487433600 , 1755.52 , 1727.01 , 1725.35 , 1683.42 , 3 , 3
1487520000 , 1641.91 , 1779.57 , 1806.09 , 1640.81 , 294 , 86
1487606400 , 1737.75 , 1893.11 , 1901.69 , 1736.63 , 313 , 94
1487692800 , 1844.19 , 1986.43 , 2025.76 , 1840.41 , 339 , 96
1487779200 , 1950.84 , 2144.82 , 2174.5 , 1949.31 , 401 , 97
1487865600 , 2104.61 , 2356.58 , 2380.13 , 2099.06 , 481 , 114
1487952000 , 2295.02 , 2257.76 , 2353.86 , 2200.43 , 5 , 5
1488038400 , 2140.02 , 2111.99 , 2185.56 , 2068.46 , 26 , 17
1488124800 , 2025.18 , 2191 , 2215.63 , 2019.39 , 350 , 110
1488211200 , 2135.32 , 2401.59 , 2435.65 , 2126.19 , 505 , 108
1488297600 , 2345.34 , 2567.41 , 2589.89 , 2341.08 , 456 , 122
1488384000 , 2508.75 , 2736.45 , 2769 , 2499.19 , 507 , 126
1488470400 , 2690.93 , 2920.61 , 2942.31 , 2679.34 , 447 , 113
1488556800 , 2806.34 , 2771.75 , 2815.83 , 2703.22 , 22 , 15
1488643200 , 2628.83 , 2587.47 , 2694.57 , 2526.73 , 14 , 9
1488729600 , 2469.5 , 2641.77 , 2658.23 , 2460.92 , 351 , 89
1488816000 , 2542.21 , 2701.32 , 2734.36 , 2541 , 382 , 109
1488902400 , 2659.12 , 2846.87 , 2859.08 , 2647.23 , 418 , 111
1488988800 , 2751.39 , 2944.34 , 2963.25 , 2746.06 , 395 , 103
1489075200 , 2835.52 , 3005.87 , 3029.49 , 2833.25 , 364 , 109
1489161600 , 2898.68 , 2854.71 , 2970.97 , 2781.97 , 9 , 9
1489248000 , 2704.41 , 2661.89 , 2693.35 , 2593.15 , 4 , 3
1489334400 , 2532.37 , 2724.17 , 2755.56 , 2526.96 , 414 , 106
1489420800 , 2659 , 2843.47 , 2871.79 , 2653.75 , 390 , 95
1489507200 , 2759.8 , 2872.29 , 2889.38 , 2752.99 , 295 , 98
1489593600 , 2767.39 , 2948.4 , 2969.29 , 2765.06 , 386 , 104
1489680000 , 2849.98 , 3111.66 , 3157.63 , 2845.28 , 555 , 135
1489766400 , 3032.67 , 2993.06 , 3040.33 , 2920.39 , 23 , 18
1489852800 , 2838.98 , 2794.56 , 2837.5 , 2722.72 , 5 , 5
1489939200 , 2653.82 , 2816.2 , 2835.85 , 2650.74 , 376 , 100
1490025600 , 2730.96 , 2859.01 , 2879.07 , 2727.81 , 303 , 105
1490112000 , 2762.81 , 2964.77 , 2991.81 , 2759.39 , 424 , 119
1490198400 , 2867.46 , 3080.05 , 3121.23 , 2864.99 , 470 , 135
1490284800 , 2996.09 , 3213.53 , 3232.12 , 2995.62 , 449 , 130
1490371200 , 3102.49 , 3053.75 , 3066.95 , 2977.54 , 8 , 8
1490457600 , 2899.27 , 2855.11 , 2971.58 , 2793.83 , 28 , 14
1490544000 , 2734.25 , 2894.63 , 2909.96 , 2725.69 , 369 , 111
1490630400 , 2796.61 , 2964.24 , 2982.3 , 2792.28 , 369 , 108
1490716800 , 2856.98 , 3138.63 , 3340.75 , 2850.83 , 789 , 148
1490803200 , 3268.3 , 3654.54 , 3740.97 , 3251.63 , 847 , 185
1490889600 , 3649.62 , 4028.56 , 4105.15 , 3634.72 , 831 , 170
1490976000 , 3971.94 , 3911.99 , 4075.07 , 3828.85 , 45 , 26
1491062400 , 3723.09 , 3671.79 , 3723.11 , 3584.08 , 24 , 16
1491148800 , 3484.17 , 3438.09 , 3485.13 , 3352.24 , 22 , 15
1491235200 , 3261.6 , 3210.95 , 3315.48 , 3147.54 , 35 , 19
1491321600 , 3119.01 , 3353.96 , 3388.79 , 3080.08 , 542 , 146
1491408000 , 3250.61 , 3497.85 , 3530.99 , 3245.24 , 522 , 129
1491494400 , 3401.93 , 3693.68 , 3719.15 , 3390.82 , 611 , 162
1491580800 , 3582.01 , 3531.55 , 3675.52 , 3443.57 , 26 , 14
1491667200 , 3348.3 , 3297.07 , 3362.72 , 3218.36 , 17 , 15
1491753600 , 3151.2 , 3443.24 , 3520.37 , 3134.36 , 691 , 162
1491840000 , 3468.72 , 3840.55 , 3982.17 , 3433.88 , 947 , 192
1491926400 , 3934.54 , 4375.5 , 4712.73 , 3892.97 , 1367 , 216
1492012800 , 4702.2 , 5066.8 , 5162.79 , 4617.74 , 1048 , 201
1492099200 , 5062.96 , 5552.18 , 5738.07 , 5027.75 , 1298 , 216
1492185600 , 5581.37 , 5506.2 , 5732.02 , 5374.05 , 49 , 34
1492272000 , 5244.88 , 5167.41 , 5370.27 , 5093.06 , 120 , 43
1492358400 , 5035.16 , 5650.43 , 5822.2 , 4984.23 , 1448 , 250
1492444800 , 5736.24 , 6232.07 , 6340.95 , 5666.55 , 1272 , 204
1492531200 , 6246.44 , 6694.7 , 6873.31 , 6201.86 , 1309 , 225
1492617600 , 6748.9 , 7240.26 , 7342.57 , 6717.69 , 1260 , 227
1492704000 , 7171.22 , 7821.95 , 7939.77 , 7153.2 , 1418 , 246
1492790400 , 7698.21 , 7603.19 , 7891.95 , 7470.71 , 148 , 58
1492876800 , 7273.97 , 7180.43 , 7461.4 , 7015.76 , 73 , 44
1492963200 , 6896.98 , 7290.99 , 7421.05 , 6874.74 , 1154 , 216
1493049600 , 7253.19 , 7618 , 7637.96 , 7217.41 , 898 , 163
1493136000 , 7368.89 , 7734.28 , 7886.43 , 7352.51 , 1100 , 191
1493222400 , 7673.64 , 8061.85 , 8120.4 , 7649.62 , 1063 , 157
1493308800 , 7882.04 , 8076.74 , 8087.51 , 7869.41 , 574 , 121
1493395200 , 7719.01 , 7597.51 , 7750.57 , 7407.59 , 25 , 17
1493481600 , 7201.93 , 7092.67 , 7219.07 , 6911.49 , 19 , 12
1493568000 , 6719.47 , 6610.38 , 6721.86 , 6443.9 , 12 , 9
1493654400 , 6290.85 , 6430.97 , 6441.68 , 6279.19 , 482 , 137
1493740800 , 6202.01 , 6391.21 , 6400.87 , 6187.84 , 544 , 129
1493827200 , 6155.5 , 6448.02 , 6506.87 , 6146.28 , 750 , 150
1493913600 , 6258.93 , 6481.4 , 6595.56 , 6253.06 , 772 , 167
1494000000 , 6359.37 , 6264.79 , 6521.49 , 6104.86 , 21 , 14
1494086400 , 5941.05 , 5851.47 , 5960.37 , 5716.51 , 40 , 17
1494172800 , 5584.36 , 5893.21 , 5989.85 , 5572.73 , 835 , 166
1494259200 , 5812.47 , 6038.57 , 6061.98 , 5803.62 , 590 , 135
1494345600 , 5824.65 , 6012.97 , 6149.93 , 5822.48 , 716 , 171
1494432000 , 5968.01 , 6349.77 , 6405.28 , 5944.96 , 910 , 184
1494518400 , 6245.94 , 6491.99 , 6527.99 , 6226.21 , 699 , 157
1494604800 , 6267.63 , 6183.09 , 6276.28 , 6054.22 , 67 , 29
1494691200 , 5890.8 , 5801.82 , 6054.43 , 5693.39 , 72 , 33
1494777600 , 5569.14 , 5709.79 , 5714.96 , 5550.79 , 417 , 96
1494864000 , 5481.67 , 5762.03 , 5783.61 , 5472.48 , 723 , 135
1494950400 , 5614.73 , 5757.13 , 5771.98 , 5604.67 , 466 , 119
1495036800 , 5566.27 , 5716.64 , 5737.22 , 5556.56 , 485 , 120
1495123200 , 5542.83 , 5789.17 , 5925.63 , 5535.95 , 806 , 165
1495209600 , 5729.7 , 5649.82 , 5882.33 , 5530.56 , 60 , 29
1495296000 , 5385.44 , 5300.98 , 5530.87 , 5178.92 , 38 , 22
1495382400 , 5078.27 , 5266.84 , 5295.78 , 5058.84 , 542 , 130
1495468800 , 5096.81 , 5340.98 , 5518.53 , 5092.73 , 823 , 175
1495555200 , 5377.79 , 5627.26 , 5764.36 , 5361.79 , 831 , 182
1495641600 , 5637.11 , 5975.2 , 5998.39 , 5629.84 , 761 , 169
1495728000 , 5800.74 , 5957.09 , 5976.15 , 5786.64 , 477 , 105
1495814400 , 5726.87 , 5693.35 , 5861.91 , 5581.16 , 133 , 44
1495900800 , 5430.2 , 5348.54 , 5581.77 , 5222.8 , 31 , 23
1495987200 , 5080.33 , 5004.19 , 5217.25 , 4878.59 , 21 , 14
1496073600 , 4743.12 , 4668.98 , 4848.98 , 4598.01 , 77 , 20
1496160000 , 4486.97 , 4591.85 , 4629.64 , 4481.6 , 423 , 98
1496246400 , 4491.76 , 4714 , 4769.06 , 4486.23 , 616 , 130
1496332800 , 4643.17 , 4823.23 , 4851.98 , 4633.3 , 486 , 102
1496419200 , 4673.8 , 4624.66 , 4793.11 , 4514.61 , 60 , 22
1496505600 , 4394.39 , 4329.81 , 4511.04 , 4223.96 , 25 , 13
1496592000 , 4127.05 , 4203.84 , 4211.51 , 4121.61 , 295 , 81
1496678400 , 4060.74 , 4263.02 , 4275.45 , 4049.3 , 447 , 111
1496764800 , 4104.1 , 4270.45 , 4281.76 , 4101.38 , 450 , 107
1496851200 , 4139.22 , 4268.29 , 4276.85 , 4133.93 , 348 , 98
1496937600 , 4116.62 , 4224.93 , 4266.1 , 4109.28 , 431 , 100
1497024000 , 4140.02 , 4077.95 , 4243.74 , 3975.25 , 24 , 12
1497110400 , 3865.8 , 3805.31 , 3939.49 , 3724.52 , 29 , 17
1497196800 , 3640.25 , 3739.09 , 3761.14 , 3638.78 , 344 , 83
1497283200 , 3636.26 , 3765.75 , 3772.29 , 3634.84 , 353 , 91
1497369600 , 3630.8 , 3694.26 , 3724.86 , 3630.12 , 307 , 103
1497456000 , 3604.38 , 3668.65 , 3695.97 , 3602.37 , 260 , 91
1497542400 , 3534.87 , 3621.18 , 3627.95 , 3532.73 , 276 , 72
1497628800 , 3477.56 , 3425.89 , 3574.54 , 3342.05 , 17 , 9
1497715200 , 3248.88 , 3196.13 , 3153.27 , 3113.63 , 2 , 1
1497801600 , 3033.82 , 3093.74 , 3112.83 , 3032.84 , 240 , 74
1497888000 , 3006.64 , 3090.83 , 3097.07 , 3006.04 , 245 , 73
1497974400 , 3001.62 , 3084.11 , 3094.54 , 2987.6 , 315 , 87
1498060800 , 2979.01 , 3115.64 , 3162.14 , 2977.26 , 426 , 117
1498147200 , 3086.61 , 3227.92 , 3237 , 3080.5 , 346 , 103
1498233600 , 3100.47 , 3053.06 , 3090.77 , 2974.95 , 7 , 5
1498320000 , 2892.02 , 2845.73 , 2875.16 , 2775.36 , 8 , 8
1498406400 , 2706.73 , 2807.22 , 2829.96 , 2705.18 , 302 , 83
1498492800 , 2730.59 , 2827 , 2836.81 , 2729.62 , 255 , 69
1498579200 , 2736.05 , 2818.3 , 2838.27 , 2732.4 , 272 , 69
1498665600 , 2750.25 , 2808.96 , 2822.86 , 2739.72 , 232 , 66
1498752000 , 2724.99 , 2854.22 , 2862.68 , 2719.78 , 283 , 78
1498838400 , 2728.74 , 2687.86 , 2788.68 , 2625.78 , 17 , 10
1498924800 , 2552.58 , 2511.87 , 2541.78 , 2450.54 , 7 , 5
1499011200 , 2387.36 , 2475.75 , 2502.17 , 2386.02 , 261 , 65
1499097600 , 2413.69 , 2474.93 , 2482.18 , 2412.69 , 194 , 63
1499184000 , 2398.38 , 2465.75 , 2508.01 , 2390.13 , 273 , 70
1499270400 , 2429.37 , 2584.3 , 2592.21 , 2421.3 , 341 , 78
1499356800 , 2503.56 , 2576.26 , 2590.35 , 2500.15 , 235 , 70
1499443200 , 2490.79 , 2458.01 , 2555.64 , 2395 , 16 , 11
1499529600 , 2329.11 , 2291.29 , 2389.22 , 2245.16 , 17 , 10
1499616000 , 2190.42 , 2253.89 , 2268.72 , 2187.96 , 197 , 60
1499702400 , 2184.38 , 2303.47 , 2321.16 , 2179.2 , 305 , 85
1499788800 , 2271.22 , 2416.7 , 2444.93 , 2265.11 , 376 , 99
1499875200 , 2371.73 , 2491.73 , 2528.49 , 2370.25 , 335 , 81
1499961600 , 2454.77 , 2581.58 , 2600.43 , 2453.58 , 328 , 88
1500048000 , 2520.7 , 2486.24 , 2589.72 , 2437.29 , 32 , 20
1500134400 , 2370.25 , 2344.25 , 2356.11 , 2297.14 , 32 , 17
1500220800 , 2243.33 , 2545.11 , 2666.08 , 2239.18 , 693 , 149
1500307200 , 2623.75 , 2852.83 , 2889.27 , 2607.62 , 546 , 112
1500393600 , 2816.62 , 2991.88 , 3063.75 , 2813.14 , 522 , 105
1500480000 , 2993.13 , 3259.56 , 3305.63 , 2984.21 , 582 , 141
1500566400 , 3200.14 , 3422.39 , 3486.79 , 3194.99 , 558 , 129
1500652800 , 3366.86 , 3322.87 , 3377.83 , 3239.16 , 22 , 11
1500739200 , 3148.86 , 3097.73 , 3096.87 , 3026.12 , 15 , 9
1500825600 , 2953.51 , 3059.26 , 3075.69 , 2951.69 , 325 , 96
1500912000 , 2974.84 , 3051.01 , 3065.08 , 2972.9 , 284 , 82
1500998400 , 2982.48 , 3082.98 , 3097.93 , 2970.47 , 341 , 79
1501084800 , 3009.44 , 3133.06 , 3164.16 , 3007.82 , 405 , 101
1501171200 , 3085.5 , 3191.31 , 3224.79 , 3081.11 , 361 , 92
1501257600 , 3123.55 , 3074.44 , 3211.59 , 2995.99 , 9 , 7
1501344000 , 2912.47 , 2866.68 , 2906.5 , 2798.41 , 13 , 10
1501430400 , 2733.14 , 2917.77 , 2961.02 , 2728.89 , 482 , 100
1501516800 , 2893.09 , 3023.49 , 3068.89 , 2888.26 , 407 , 101
1501603200 , 3018.17 , 3232.36 , 3276.84 , 2998.17 , 520 , 122
1501689600 , 3152.16 , 3362.35 , 3596.52 , 3150.92 , 750 , 134
1501776000 , 3535.71 , 3806.57 , 3865.41 , 3529.55 , 674 , 138
1501862400 , 3749.65 , 3714.57 , 3850.82 , 3688.76 , 121 , 43
1501948800 , 3598.73 , 3558.17 , 3688.25 , 3501.19 , 83 , 43
1502035200 , 3423.46 , 3564.74 , 3619.04 , 3417.74 , 436 , 111
1502121600 , 3506.72 , 3690.67 , 3748.71 , 3499.72 , 558 , 121
1502208000 , 3672.35 , 3882.99 , 4093 , 3664.28 , 792 , 141
1502294400 , 4010.44 , 4229.34 , 4279.68 , 3991.71 , 620 , 137
1502380800 , 4174.29 , 4468.79 , 4546.8 , 4161.97 , 711 , 142
1502467200 , 4359.83 , 4298.77 , 4480.26 , 4212.8 , 50 , 23
1502553600 , 4097.69 , 4037.35 , 4201.96 , 3989.69 , 96 , 33
1502640000 , 3901.66 , 4033.96 , 4061.83 , 3897.82 , 416 , 93
1502726400 , 3931.25 , 4084.08 , 4107.37 , 3929.91 , 399 , 109
1502812800 , 3952.01 , 4188.42 , 4296.26 , 3948.64 , 713 , 137
1502899200 , 4228.38 , 4440.88 , 4472.19 , 4201.53 , 596 , 128
1502985600 , 4345.88 , 4511.53 , 4525.94 , 4335.1 , 425 , 103
1503072000 , 4305.11 , 4238.02 , 4348.48 , 4137.2 , 20 , 15
1503158400 , 4021.86 , 3958.17 , 3991.11 , 3868.99 , 22 , 15
1503244800 , 3793.01 , 3957.18 , 3971.18 , 3772.45 , 459 , 103
1503331200 , 3837.77 , 4023.52 , 4076.43 , 3834.37 , 556 , 111
1503417600 , 3978.36 , 4128.69 , 4146.63 , 3969.35 , 455 , 103
1503504000 , 4017.98 , 4175.23 , 4196.63 , 4013.8 , 455 , 102
1503590400 , 4066.52 , 4358.85 , 4396.19 , 4058.42 , 634 , 126
1503676800 , 4216.78 , 4151.15 , 4328.86 , 4044.03 , 17 , 9
1503763200 , 3931.29 , 3869.53 , 3914.64 , 3777.75 , 17 , 12
1503849600 , 3690.25 , 3942.02 , 3981.76 , 3684.73 , 582 , 121
1503936000 , 3852.38 , 4092.86 , 4110.35 , 3845.51 , 535 , 126
1504022400 , 3982.83 , 4202.26 , 4255.93 , 3974.46 , 621 , 137
1504108800 , 4138.8 , 4322.78 , 4409.4 , 4136.45 , 627 , 138
1504195200 , 4301.9 , 4529 , 4588.95 , 4295.72 , 628 , 139
1504281600 , 4442.47 , 4376.27 , 4562.68 , 4263.77 , 21 , 18
1504368000 , 4150.84 , 4092.28 , 4261.25 , 4018.63 , 64 , 32
1504454400 , 3939.1 , 4107.92 , 4185.92 , 3924.09 , 577 , 121
1504540800 , 4075.56 , 4204.28 , 4241.55 , 4073.38 , 445 , 127
1504627200 , 4105.66 , 4299.55 , 4331.27 , 4094.01 , 522 , 139
1504713600 , 4192.09 , 4351.42 , 4389.13 , 4189.86 , 490 , 134
1504800000 , 4265.53 , 4393.88 , 4410.2 , 4257.54 , 393 , 124
1504886400 , 4210.54 , 4152.16 , 4328.49 , 4046.35 , 19 , 14
1504972800 , 3938.02 , 3881.13 , 4044.53 , 3805.06 , 49 , 25
1505059200 , 3711.95 , 3918.93 , 3974.89 , 3709.5 , 602 , 161
1505145600 , 3888.95 , 4120.23 , 4200.65 , 3880.97 , 666 , 164
1505232000 , 4099.28 , 4285.13 , 4329.53 , 4095.68 , 561 , 131
1505318400 , 4217.9 , 4424.77 , 4561.88 , 4207.54 , 708 , 135
1505404800 , 4443.1 , 4776.67 , 4821.3 , 4427.32 , 787 , 169
1505491200 , 4660.65 , 4604.08 , 4783.72 , 4521.86 , 92 , 38
1505577600 , 4403.25 , 4337.64 , 4515.88 , 4253.85 , 55 , 30
1505664000 , 4174.51 , 4328.99 , 4383.59 , 4166.78 , 556 , 137
1505750400 , 4296.76 , 4476.22 , 4524.72 , 4291.4 , 581 , 136
1505836800 , 4411.05 , 4624.59 , 4637.53 , 4407.93 , 551 , 129
1505923200 , 4500.34 , 4637.06 , 4684.68 , 4496.17 , 522 , 125
1506009600 , 4576.16 , 4738.8 , 4766.85 , 4562.81 , 525 , 133
1506096000 , 4594.81 , 4527.5 , 4719.95 , 4413.89 , 27 , 16
1506182400 , 4293.34 , 4230.37 , 4399.9 , 4140.06 , 37 , 17
1506268800 , 4044.61 , 4123.92 , 4143.49 , 4042.05 , 330 , 123
1506355200 , 3989.02 , 4074.61 , 4109.16 , 3987.3 , 337 , 93
1506441600 , 3945.36 , 4024.25 , 4055.58 , 3944.44 , 348 , 94
1506528000 , 3926.46 , 3993.38 , 4030.72 , 3923.53 , 337 , 94
1506614400 , 3891.57 , 4050.88 , 4076.75 , 3888.95 , 431 , 100
1506700800 , 3920.81 , 3863.68 , 3944.25 , 3772.85 , 33 , 18
1506787200 , 3667.67 , 3610.53 , 3628.77 , 3520.33 , 10 , 8
1506873600 , 3424.6 , 3381.32 , 3502.52 , 3292.64 , 20 , 6
1506960000 , 3200.85 , 3151.06 , 3170.9 , 3073.92 , 11 , 6
1507046400 , 2989.82 , 2944.33 , 3071.9 , 2867.77 , 9 , 8
1507132800 , 2787.82 , 2743.28 , 2775.9 , 2673.2 , 4 , 4
1507219200 , 2599.31 , 2560.56 , 2665.87 , 2493.79 , 6 , 4
1507305600 , 2424.27 , 2385.5 , 2396.17 , 2322.45 , 1 , 1
1507392000 , 2257.7 , 2225.15 , 2257.62 , 2184.06 , 30 , 17
1507478400 , 2145.34 , 2265.94 , 2280.38 , 2129.81 , 308 , 98
1507564800 , 2203.31 , 2334.03 , 2341.98 , 2195.05 , 327 , 105
1507651200 , 2276.04 , 2400.84 , 2421.19 , 2269.43 , 322 , 109
1507737600 , 2332.2 , 2442.56 , 2462.91 , 2331.59 , 318 , 110
1507824000 , 2416.46 , 2547.31 , 2566.09 , 2407.21 , 334 , 106
1507910400 , 2454.45 , 2422.78 , 2461.6 , 2362.35 , 17 , 11
1507996800 , 2298.51 , 2271.98 , 2357.02 , 2220.7 , 30 , 19
1508083200 , 2174.13 , 2325.33 , 2338.9 , 2168.7 , 358 , 107
1508169600 , 2269.19 , 2366.26 , 2379.6 , 2261.76 , 273 , 81
1508256000 , 2298.02 , 2408.72 , 2451.81 , 2294.64 , 358 , 103
1508342400 , 2394.11 , 2515.1 , 2535.93 , 2388.96 , 331 , 108
1508428800 , 2458.58 , 2544.03 , 2554.54 , 2454.56 , 235 , 88
1508515200 , 2433.36 , 2396.08 , 2418.11 , 2334.75 , 6 , 6
1508601600 , 2270.25 , 2234.96 , 2321.12 , 2180.67 , 9 , 9
1508688000 , 2133.07 , 2195.22 , 2200.81 , 2128.22 , 184 , 76
1508774400 , 2111.08 , 2177.16 , 2184.87 , 2110.03 , 194 , 86
1508860800 , 2104.26 , 2178.61 , 2182.74 , 2100.07 , 203 , 70
1508947200 , 2105.7 , 2205.44 , 2213.76 , 2098.22 , 255 , 93
1509033600 , 2158.45 , 2233.6 , 2302.88 , 2142.98 , 340 , 124
1509120000 , 2226.91 , 2194.97 , 2280.67 , 2141.93 , 24 , 16
1509206400 , 2083.86 , 2055.03 , 2123.5 , 2012.78 , 23 , 18
1509292800 , 1965.05 , 2087.1 , 2108.44 , 1962.07 , 296 , 117
1509379200 , 2037.49 , 2139.82 , 2175.45 , 2033.21 , 312 , 122
1509465600 , 2109.86 , 2172.22 , 2186.58 , 2106.06 , 212 , 79
1509552000 , 2109.21 , 2242.36 , 2271.58 , 2108.3 , 309 , 100
1509638400 , 2192.28 , 2281.76 , 2311.88 , 2191.37 , 281 , 91
1509724800 , 2227.66 , 2194.67 , 2283.37 , 2149.8 , 28 , 16
1509811200 , 2089.86 , 2056.75 , 2074.05 , 2007.7 , 7 , 7
1509897600 , 1959.09 , 2088.52 , 2098 , 1956.57 , 268 , 76
1509984000 , 2021.74 , 2144.33 , 2157.89 , 2014.6 , 288 , 101
1510070400 , 2079.63 , 2208.98 , 2230.32 , 2075.38 , 322 , 106
1510156800 , 2185 , 2258.15 , 2276.71 , 2173.7 , 252 , 90
1510243200 , 2215.98 , 2376 , 2401.06 , 2201.42 , 365 , 109
1510329600 , 2298.6 , 2263.16 , 2359.22 , 2208.62 , 13 , 9
1510416000 , 2147.94 , 2113.06 , 2149.1 , 2081.07 , 51 , 40
1510502400 , 2045.47 , 2201.36 , 2245.77 , 2043.04 , 401 , 125
1510588800 , 2195.26 , 2382.8 , 2442.16 , 2190.17 , 474 , 132
1510675200 , 2395.41 , 2558.25 , 2576.94 , 2380.41 , 380 , 132
1510761600 , 2484.49 , 2628.48 , 2645.22 , 2481.92 , 348 , 128
1510848000 , 2571.52 , 2863.31 , 2943.11 , 2563.75 , 647 , 176
1510934400 , 2839.15 , 2793.76 , 2901.86 , 2723.66 , 9 , 7
1511020800 , 2647.73 , 2607.25 , 2633.53 , 2554.26 , 23 , 19
1511107200 , 2498.08 , 2638.06 , 2666.16 , 2490.58 , 356 , 140
1511193600 , 2579.79 , 2693.2 , 2736.36 , 2574.78 , 336 , 126
1511280000 , 2634.21 , 2740.77 , 2770.59 , 2633.4 , 290 , 111
1511366400 , 2666.89 , 2953.05 , 3064.28 , 2657.83 , 701 , 173
1511452800 , 2997.85 , 3188.08 , 3231.84 , 2989.39 , 466 , 123
1511539200 , 3111.27 , 3065.49 , 3194.93 , 2993.64 , 24 , 19
1511625600 , 2932.38 , 2893.01 , 2932.79 , 2822.14 , 40 , 16
1511712000 , 2768.05 , 2927.38 , 2966.16 , 2752.43 , 436 , 141
1511798400 , 2888.18 , 3017.23 , 3035.14 , 2877.66 , 333 , 118
1511884800 , 2909.61 , 3027.16 , 3030.17 , 2909.59 , 303 , 111
1511971200 , 2933.19 , 3076.05 , 3095.34 , 2921.32 , 376 , 115
1512057600 , 2993.01 , 3172.81 , 3205.97 , 2984.34 , 430 , 107
1512144000 , 3072.67 , 3026.04 , 3130.19 , 2960.69 , 23 , 15
1512230400 , 2878.15 , 2835.79 , 2871.65 , 2763.67 , 10 , 10
1512316800 , 2693.71 , 2859.02 , 2898.82 , 2689.97 , 423 , 115
1512403200 , 2830.14 , 3058.58 , 3123.68 , 2826.51 , 553 , 149
1512489600 , 3049.75 , 3230.13 , 3254.54 , 3036.53 , 466 , 140
1512576000 , 3157.73 , 3279.99 , 3288.17 , 3151.99 , 334 , 123
1512662400 , 3171.99 , 3290.96 , 3316.43 , 3168.15 , 338 , 103
1512748800 , 3180.52 , 3137.29 , 3261.36 , 3054.97 , 18 , 9
1512835200 , 2970.62 , 2927.36 , 3030.55 , 2857.87 , 18 , 15
1512921600 , 2791.55 , 2905.48 , 2914.54 , 2783.59 , 297 , 107
1513008000 , 2816.57 , 3025.72 , 3060.73 , 2802.3 , 473 , 119
1513094400 , 2936.98 , 3064.63 , 3075.92 , 2934.98 , 304 , 93
1513180800 , 2958.6 , 3094.54 , 3124.77 , 2956.08 , 358 , 107
1513267200 , 3006.98 , 3134.97 , 3146.7 , 3001.48 , 313 , 101
1513353600 , 3002.63 , 2956.68 , 3003.5 , 2890.53 , 20 , 15
1513440000 , 2810.69 , 2769.37 , 2814.21 , 2705.16 , 17 , 13
1513526400 , 2643.54 , 2752.14 , 2766.61 , 2638.7 , 303 , 102
1513612800 , 2668.49 , 2787.1 , 2807.99 , 2663.28 , 310 , 89
1513699200 , 2710.26 , 2875.94 , 2881.47 , 2706.67 , 382 , 124
1513785600 , 2790.92 , 2940.59 , 2948.23 , 2782.09 , 341 , 104
1513872000 , 2849.55 , 2940.88 , 2964.77 , 2834.01 , 303 , 100
1513958400 , 2842.14 , 2812 , 2917.02 , 2745.01 , 34 , 18
1514044800 , 2669.24 , 2628.64 , 2669.55 , 2564.14 , 12 , 10
1514131200 , 2502.91 , 2671.84 , 2682.46 , 2498.92 , 366 , 110
1514217600 , 2600.73 , 2763.59 , 2780.38 , 2584.94 , 360 , 104
1514304000 , 2685.06 , 2862.09 , 2896.97 , 2679.56 , 424 , 118
1514390400 , 2794.73 , 2975.96 , 2988.26 , 2790.14 , 370 , 95
1514476800 , 2856.25 , 2992.01 , 3015.36 , 2853.76 , 337 , 136
1514563200 , 2894.04 , 2852.1 , 2972.03 , 2788.94 , 25 , 15
1514649600 , 2713.84 , 2673.89 , 2784.51 , 2607.97 , 15 , 12
1514736000 , 2540.53 , 2501.62 , 2608.9 , 2440.44 , 20 , 18
1514822400 , 2390.4 , 2540.23 , 2551.16 , 2379.6 , 329 , 98
1514908800 , 2452.99 , 2645.67 , 2719.37 , 2449 , 499 , 137
1514995200 , 2651.28 , 2865.95 , 2900.5 , 2649.04 , 488 , 125
1515081600 , 2834.63 , 3089.64 , 3261.81 , 2824.32 , 780 , 271
1515168000 , 3161.6 , 3125.59 , 3243.72 , 3049.82 , 46 , 42
1515254400 , 2970.48 , 2928.04 , 3049.01 , 2873.06 , 45 , 30
1515340800 , 2818.39 , 3052.1 , 3074.4 , 2803.02 , 514 , 155
1515427200 , 2987.28 , 3143.07 , 3161.3 , 2980.08 , 384 , 122
1515513600 , 3045.98 , 3286.39 , 3314.39 , 3039.24 , 573 , 168
1515600000 , 3245.63 , 3445.23 , 3491.74 , 3235.43 , 534 , 124
1515686400 , 3405.38 , 3653.29 , 3682.25 , 3393.66 , 544 , 138
1515772800 , 3547.89 , 3508.45 , 3622.81 , 3434.62 , 72 , 28
1515859200 , 3341.01 , 3289.83 , 3433.3 , 3209.75 , 17 , 11
1515945600 , 3136.11 , 3449.58 , 3514.51 , 3129.08 , 706 , 161
1516032000 , 3422.96 , 3675.8 , 3799.16 , 3416.95 , 724 , 162
1516118400 , 3730.4 , 4105.27 , 4143.89 , 3722.87 , 806 , 187
1516204800 , 4045.47 , 4331.62 , 4420.06 , 4034.91 , 751 , 166
1516291200 , 4301.85 , 4609.38 , 4645.87 , 4290.49 , 741 , 164
1516377600 , 4523.5 , 4480.98 , 4632.64 , 4418.62 , 133 , 47
1516464000 , 4309.28 , 4244.67 , 4425.09 , 4164.2 , 59 , 32
1516550400 , 4072.37 , 4348.22 , 4408.36 , 4067.11 , 702 , 178
1516636800 , 4309.16 , 4509.42 , 4561.83 , 4298.28 , 592 , 162
1516723200 , 4437.18 , 4697.45 , 4760.49 , 4422.46 , 701 , 185
1516809600 , 4650.36 , 4798.36 , 4826.15 , 4629.7 , 477 , 139
1516896000 , 4654.31 , 4808.09 , 4944.93 , 4646.76 , 672 , 158
1516982400 , 4836.61 , 4772.11 , 4944.45 , 4729.01 , 149 , 59
1517068800 , 4609.73 , 4570.64 , 4729.22 , 4517.55 , 142 , 73
1517155200 , 4422.11 , 4628.93 , 4663.58 , 4410.9 , 592 , 152
1517241600 , 4549.37 , 4681.59 , 4763.12 , 4536.85 , 579 , 155
1517328000 , 4678.33 , 4921.49 , 5050.96 , 4654.3 , 789 , 190
1517414400 , 4919.5 , 5295.45 , 5400.54 , 4908.11 , 952 , 212
1517500800 , 5294.9 , 5539.81 , 5578.19 , 5272.52 , 700 , 152
1517587200 , 5428 , 5372.99 , 5549.24 , 5261.49 , 127 , 54
1517673600 , 5120.64 , 5045.02 , 5255.3 , 4928.5 , 38 , 27
1517760000 , 4816.62 , 5065.33 , 5217.2 , 4800.74 , 821 , 179
1517846400 , 5190.44 , 5615.76 , 5874.85 , 5134.14 , 1350 , 266
1517932800 , 5803.71 , 6232.13 , 6372.48 , 5764.82 , 1059 , 241
